"source_table","family","proposed_disposition","measured_rows","measurement_state","count_snapshot_utc","source_columns","foreign_key_edges","index_shapes","activation_guard"
"address_radar_schema_state","runtime","PRESERVE_HISTORY_REINITIALIZE_RUNTIME","","not_counted","","[""singleton:INTEGER#1"",""schema_version:TEXT!"",""migrated_at:INTEGER!""]","[]","[]","Old health/checkpoint is context, not fresh success; fenced handoff required"
"address_signal_evidence","legacy_results","LEGACY_READ_ONLY_NOT_NEW_ELIGIBILITY","","not_counted","","[""event_id:TEXT#1"",""chain:TEXT!"",""token_address:TEXT!"",""entity_id:TEXT!"",""contribution:REAL!"",""occurred_at:INTEGER!"",""source:TEXT"",""side:TEXT"",""amount_usd:REAL"",""lifecycle_stage:TEXT"",""trader_tags:TEXT!"",""dedupe_key:TEXT""]","[]","[""I:chain,token_address,occurred_at"",""U:event_id""]","Legacy policy namespace; no automatic new capability or admission"
"automation_admission_intents","work_and_receipts","PRESERVE_LEDGER_REBUILD_SELECTED_WORK","7504","compact_index_count","2026-10-03T12:02:19.557Z","[""job_id:TEXT#1"",""idempotency_key:TEXT!"",""job_type:TEXT!"",""subject_key:TEXT!"",""lane:TEXT!"",""high_water_mark:INTEGER!"",""next_attempt_at:INTEGER!"",""input_json:TEXT!"",""requested_at:INTEGER!"",""admitted_at:INTEGER"",""admitted_job_id:TEXT""]","[]","[""I:P:lane,job_type,requested_at,idempotency_key"",""U:idempotency_key"",""U:job_id""]","No active lease/head replay; reconstruct only approved current-cohort work"
"automation_job_blocks","work_and_receipts","PRESERVE_LEDGER_REBUILD_SELECTED_WORK","","not_counted","","[""job_id:TEXT#1"",""reason_code:TEXT!"",""context:TEXT!"",""recovery_job_ids:TEXT!"",""blocked_at:INTEGER!"",""updated_at:INTEGER!"",""resolved_at:INTEGER""]","[""job_id->automation_jobs.job_id:CASCADE""]","[""I:reason_code,resolved_at,blocked_at"",""U:job_id""]","No active lease/head replay; reconstruct only approved current-cohort work"
"automation_job_outcomes","work_and_receipts","PRESERVE_LEDGER_REBUILD_SELECTED_WORK","","not_counted","","[""id:INTEGER#1"",""job_id:TEXT!"",""job_type:TEXT!"",""attempt:INTEGER!"",""outcome:TEXT!"",""reason_code:TEXT"",""input_count:INTEGER!"",""produced_count:INTEGER!"",""deferred_count:INTEGER!"",""diagnostic_json:TEXT"",""created_at:INTEGER!""]","[]","[""I:created_at,job_type,outcome"",""I:outcome,reason_code,created_at"",""I:job_type,created_at"",""U:job_id,attempt""]","No active lease/head replay; reconstruct only approved current-cohort work"
"automation_job_type_state","runtime","PRESERVE_HISTORY_REINITIALIZE_RUNTIME","","not_counted","","[""job_type:TEXT#1"",""last_claimed_at:INTEGER!"",""claim_count:INTEGER!""]","[]","[""U:job_type""]","Old health/checkpoint is context, not fresh success; fenced handoff required"
"automation_jobs","work_and_receipts","PRESERVE_LEDGER_REBUILD_SELECTED_WORK","208913","compact_index_count","2026-10-03T12:02:19.557Z","[""job_id:TEXT#1"",""idempotency_key:TEXT!"",""lane:TEXT!"",""job_type:TEXT!"",""subject_key:TEXT!"",""priority:INTEGER!"",""status:TEXT!"",""cursor:TEXT"",""attempt_count:INTEGER!"",""next_attempt_at:INTEGER!"",""lease_expires_at:INTEGER"",""lease_owner:TEXT"",""payload:TEXT!"",""last_error:TEXT"",""created_at:INTEGER!"",""updated_at:INTEGER!"",""completed_at:INTEGER""]","[]","[""I:job_type,subject_key,status"",""I:lane,status,next_attempt_at,priority,created_at"",""U:idempotency_key"",""U:job_id""]","No active lease/head replay; reconstruct only approved current-cohort work"
"automation_lane_state","runtime","PRESERVE_HISTORY_REINITIALIZE_RUNTIME","","not_counted","","[""lane:TEXT#1"",""credit:INTEGER!"",""updated_at:INTEGER!""]","[]","[""U:lane""]","Old health/checkpoint is context, not fresh success; fenced handoff required"
"automation_runtime_snapshots","runtime","PRESERVE_HISTORY_REINITIALIZE_RUNTIME","","not_counted","","[""snapshot_id:TEXT#1"",""captured_at:INTEGER!"",""payload:TEXT!""]","[]","[""I:captured_at"",""U:snapshot_id""]","Old health/checkpoint is context, not fresh success; fenced handoff required"
"broadcast_records","delivery_safety","IMPORT_FROZEN_DELIVERY_GUARDS","8","compact_index_count","2026-10-03T12:02:19.557Z","[""broadcast_id:TEXT#1"",""token_id:TEXT!"",""broadcast_number:INTEGER!"",""strategy_version:TEXT!"",""score:REAL!"",""triggered_at:INTEGER!"",""payload:TEXT!""]","[""token_id->token_aggregation_state.token_id:NO ACTION""]","[""U:token_id,broadcast_number"",""U:broadcast_id""]","Frozen legacy review/dedup only; never enqueue delivery"
"candidate_admission_snapshots","legacy_results","LEGACY_READ_ONLY_NOT_NEW_ELIGIBILITY","35761","compact_index_count","2026-10-03T12:02:19.557Z","[""snapshot_id:TEXT#1"",""trader_id:TEXT!"",""window_start:INTEGER!"",""window_end:INTEGER!"",""early_distinct_token_count:INTEGER!"",""strong_distinct_token_count:INTEGER!"",""historical_distinct_token_count:INTEGER!"",""current_admission:INTEGER!"",""historical_capability:INTEGER!"",""status:TEXT!"",""reason_codes:TEXT!"",""strategy_version:TEXT!"",""evaluated_at:INTEGER!""]","[]","[""I:trader_id,evaluated_at"",""U:snapshot_id""]","Legacy policy namespace; no automatic new capability or admission"
"candidate_discoveries","legacy_results","LEGACY_READ_ONLY_NOT_NEW_ELIGIBILITY","","not_counted","","[""discovery_id:TEXT#1"",""account_id:TEXT!"",""discovery_type:TEXT!"",""payload:TEXT!"",""discovered_at:INTEGER!""]","[""account_id->fomo_accounts.account_id:NO ACTION""]","[""U:discovery_id""]","Legacy policy namespace; no automatic new capability or admission"
"candidate_evaluation_requests","work_and_receipts","PRESERVE_LEDGER_REBUILD_SELECTED_WORK","","not_counted","","[""request_key:TEXT#1"",""token_id:TEXT!"",""strategy_version:TEXT!"",""requested_revision:INTEGER!"",""processed_revision:INTEGER!"",""requested_at:INTEGER!"",""processed_at:INTEGER"",""active_job_id:TEXT"",""last_outcome:TEXT"",""updated_at:INTEGER!""]","[]","[""I:active_job_id,requested_revision,processed_revision,requested_at"",""U:token_id,strategy_version"",""U:request_key""]","No active lease/head replay; reconstruct only approved current-cohort work"
"candidate_evaluation_triggers","work_and_receipts","PRESERVE_LEDGER_REBUILD_SELECTED_WORK","","not_counted","","[""request_key:TEXT!#1"",""source_key:TEXT!#2"",""requested_at:INTEGER!""]","[""request_key->candidate_evaluation_requests.request_key:CASCADE""]","[""U:request_key,source_key""]","No active lease/head replay; reconstruct only approved current-cohort work"
"candidate_evidence_execution_audits","legacy_results","LEGACY_READ_ONLY_NOT_NEW_ELIGIBILITY","","not_counted","","[""audit_id:TEXT#1"",""evidence_id:TEXT!"",""trader_id:TEXT!"",""token_id:TEXT!"",""reason:TEXT!"",""evidence_snapshot:TEXT!"",""execution_snapshot:TEXT!"",""recorded_at:INTEGER!""]","[]","[""I:evidence_id,recorded_at"",""U:audit_id""]","Legacy policy namespace; no automatic new capability or admission"
"candidate_evidence_v2","legacy_results","LEGACY_READ_ONLY_NOT_NEW_ELIGIBILITY","0","compact_index_count","2026-10-03T12:02:19.557Z","[""evidence_id:TEXT#1"",""entity_id:TEXT"",""account_id:TEXT"",""chain:TEXT!"",""token_address:TEXT!"",""token_symbol:TEXT"",""token_image_url:TEXT"",""entry_market_cap_usd:REAL"",""milestone_market_cap_usd:REAL!"",""realized_multiplier:REAL"",""peak_multiplier:REAL"",""lead_time_seconds:REAL"",""evidence_level:TEXT!"",""source_event_ids:TEXT!"",""observed_at:INTEGER!""]","[""account_id->fomo_accounts.account_id:NO ACTION"",""entity_id->trader_entities.entity_id:NO ACTION""]","[""I:entity_id,account_id,observed_at"",""U:evidence_id""]","Legacy policy namespace; no automatic new capability or admission"
"candidate_evidence_v3","legacy_results","LEGACY_READ_ONLY_NOT_NEW_ELIGIBILITY","1699","compact_index_count","2026-10-03T12:02:19.557Z","[""evidence_id:TEXT#1"",""trader_id:TEXT!"",""token_id:TEXT!"",""milestone_id:TEXT!"",""evidence_type:TEXT!"",""admission_class:TEXT!"",""cumulative_buy_usd:REAL!"",""weighted_entry_market_cap_usd:REAL!"",""theoretical_opportunity:REAL!"",""capturable_multiple:REAL"",""realized_multiple:REAL"",""evidence_at:INTEGER!"",""source_event_ids:TEXT!"",""strategy_version:TEXT!""]","[]","[""I:token_id,evidence_at"",""I:trader_id,evidence_at"",""U:evidence_id""]","Legacy policy namespace; no automatic new capability or admission"
"canonical_chains","reference","IMPORT_REFERENCE_NO_ACTIVATION","5","compact_index_count","2026-10-03T12:02:19.557Z","[""chain_id:TEXT#1"",""display_name:TEXT!"",""chain_family:TEXT!"",""rpc_network:TEXT!"",""native_asset:TEXT!"",""dexscreener_chain_id:TEXT!"",""gecko_network_id:TEXT!"",""blockscout_chain_id:TEXT"",""finality_policy:TEXT!"",""enabled:INTEGER!""]","[]","[""U:chain_id""]","Reference-only; no discovery-window extension or radar grant"
"canonical_market_windows","reference","IMPORT_REFERENCE_NO_ACTIVATION","0","compact_index_count","2026-10-03T12:02:19.557Z","[""token_id:TEXT!#1"",""market_id:TEXT!#2"",""canonical_from:INTEGER!#3"",""canonical_to:INTEGER"",""reason:TEXT!"",""updated_at:INTEGER!""]","[""market_id->canonical_markets.market_id:CASCADE"",""token_id->canonical_tokens.token_id:CASCADE""]","[""I:token_id,canonical_from,canonical_to"",""U:token_id,market_id,canonical_from""]","Reference-only; no discovery-window extension or radar grant"
"canonical_markets","reference","IMPORT_REFERENCE_NO_ACTIVATION","0","compact_index_count","2026-10-03T12:02:19.557Z","[""market_id:TEXT#1"",""token_id:TEXT!"",""chain_id:TEXT!"",""dex_id:TEXT!"",""pool_address:TEXT!"",""quote_token:TEXT"",""market_type:TEXT!"",""opened_at:INTEGER"",""closed_at:INTEGER"",""liquidity_rank:INTEGER"",""first_observed_at:INTEGER!"",""last_observed_at:INTEGER!""]","[""chain_id->canonical_chains.chain_id:NO ACTION"",""token_id->canonical_tokens.token_id:CASCADE""]","[""I:token_id,opened_at,closed_at"",""U:chain_id,pool_address"",""U:market_id""]","Reference-only; no discovery-window extension or radar grant"
"canonical_tokens","reference","IMPORT_REFERENCE_NO_ACTIVATION","0","compact_index_count","2026-10-03T12:02:19.557Z","[""token_id:TEXT#1"",""chain_id:TEXT!"",""token_address:TEXT!"",""symbol:TEXT"",""name:TEXT"",""decimals:INTEGER"",""launchpad_id:TEXT"",""identity_status:TEXT!"",""first_observed_at:INTEGER!"",""last_observed_at:INTEGER!""]","[""chain_id->canonical_chains.chain_id:NO ACTION""]","[""I:chain_id,identity_status,last_observed_at"",""U:chain_id,token_address"",""U:token_id""]","Reference-only; no discovery-window extension or radar grant"
"canonical_trader_event_observations","source_facts","IMPORT_PROTECTED_SOURCE_SLICE","","not_counted","","[""canonical_event_id:TEXT!#1"",""observation_id:TEXT!#2""]","[""observation_id->raw_trader_observations.observation_id:NO ACTION"",""canonical_event_id->canonical_trader_events.canonical_event_id:NO ACTION""]","[""U:canonical_event_id,observation_id""]","Preserve provenance and dependency closure; no unapproved purge or activation"
"canonical_trader_events","source_facts","IMPORT_PROTECTED_SOURCE_SLICE","","not_counted","","[""canonical_event_id:TEXT#1"",""entity_id:TEXT!"",""chain:TEXT!"",""token_address:TEXT!"",""side:TEXT!"",""amount_usd:REAL"",""occurred_at:INTEGER!"",""source_status:TEXT!"",""updated_at:INTEGER!""]","[""entity_id->trader_entities.entity_id:NO ACTION""]","[""I:entity_id,chain,token_address,side,occurred_at"",""U:canonical_event_id""]","Preserve provenance and dependency closure; no unapproved purge or activation"
"closed_loop_reconciliation_state","runtime","PRESERVE_HISTORY_REINITIALIZE_RUNTIME","","not_counted","","[""reconciliation_id:TEXT#1"",""cursor_collected_at:INTEGER!"",""cursor_observation_id:TEXT!"",""updated_at:INTEGER!"",""completed_at:INTEGER""]","[]","[""U:reconciliation_id""]","Old health/checkpoint is context, not fresh success; fenced handoff required"
"collector_dead_letters","protected_errors","PRESERVE_UNRESOLVED_RAW_EVIDENCE","1","compact_index_count","2026-10-03T12:02:19.557Z","[""dead_letter_id:TEXT#1"",""source_path:TEXT!"",""byte_offset:INTEGER!"",""content_hash:TEXT!"",""error:TEXT!"",""raw_payload:TEXT!"",""recorded_at:INTEGER!""]","[]","[""U:source_path,byte_offset,content_hash"",""U:dead_letter_id""]","Preserve provenance and dependency closure; no unapproved purge or activation"
"consumer_fact_demands","work_and_receipts","PRESERVE_LEDGER_REBUILD_SELECTED_WORK","108388","compact_index_count","2026-10-03T12:02:19.557Z","[""demand_id:TEXT#1"",""consumer_id:TEXT!"",""purchase_id:TEXT!"",""token_id:TEXT!"",""strategy_version:TEXT!"",""purpose:TEXT!"",""required_from:INTEGER!"",""required_to:INTEGER!"",""evaluated_at:INTEGER!"",""status:TEXT!"",""reason_code:TEXT!"",""payload:TEXT!""]","[]","[""I:consumer_id,strategy_version,evaluated_at"",""I:status,token_id,purpose"",""U:demand_id""]","No active lease/head replay; reconstruct only approved current-cohort work"
"consumer_history_recovery_audits","work_and_receipts","PRESERVE_LEDGER_REBUILD_SELECTED_WORK","","not_counted","","[""audit_id:INTEGER#1"",""job_id:TEXT!"",""token_id:TEXT!"",""previous_status:TEXT!"",""previous_error:TEXT"",""previous_updated_at:INTEGER!"",""previous_fact_links:TEXT!"",""action:TEXT!"",""requested_from:INTEGER!"",""requested_to:INTEGER!"",""recorded_at:INTEGER!""]","[]","[""U:job_id,action,requested_from,requested_to""]","No active lease/head replay; reconstruct only approved current-cohort work"
"consumer_history_recovery_requests","work_and_receipts","PRESERVE_LEDGER_REBUILD_SELECTED_WORK","","not_counted","","[""job_id:TEXT#1"",""requested_from:INTEGER"",""requested_to:INTEGER"",""last_requested_at:INTEGER"",""checked_at:INTEGER!"",""next_check_at:INTEGER!""]","[]","[""I:next_check_at,job_id"",""U:job_id""]","No active lease/head replay; reconstruct only approved current-cohort work"
"consumer_history_wakeup_receipts","work_and_receipts","PRESERVE_LEDGER_REBUILD_SELECTED_WORK","","not_counted","","[""consumer_id:TEXT!#1"",""token_id:TEXT!#2"",""observed_fingerprint:TEXT"",""dispatched_fingerprint:TEXT"",""checked_at:INTEGER!"",""dispatched_at:INTEGER""]","[]","[""I:checked_at,consumer_id,token_id"",""U:consumer_id,token_id""]","No active lease/head replay; reconstruct only approved current-cohort work"
"early_trade_reconciliation_state","runtime","PRESERVE_HISTORY_REINITIALIZE_RUNTIME","","not_counted","","[""state_id:TEXT#1"",""cursor_collected_at:INTEGER!"",""cursor_observation_id:TEXT!"",""updated_at:INTEGER!""]","[]","[""U:state_id""]","Old health/checkpoint is context, not fresh success; fenced handoff required"
"economic_evidence_consumption","delivery_safety","IMPORT_FROZEN_DELIVERY_GUARDS","8","compact_index_count","2026-10-03T12:02:19.557Z","[""dedupe_key:TEXT#1"",""broadcast_id:TEXT!"",""consumed_at:INTEGER!""]","[""broadcast_id->broadcast_records.broadcast_id:NO ACTION""]","[""U:dedupe_key""]","Frozen legacy review/dedup only; never enqueue delivery"
"entity_account_mapping_conflicts","identity_audit","PRESERVE_AUDIT_AND_CONFLICTS","","not_counted","","[""conflict_id:TEXT#1"",""account_id:TEXT!"",""canonical_entity_id:TEXT!"",""removed_entity_id:TEXT!"",""payload:TEXT!"",""created_at:INTEGER!""]","[]","[""U:conflict_id""]","Preserve provenance and dependency closure; no unapproved purge or activation"
"entity_accounts","identity","IMPORT_APPROVED_IDENTITY","","not_counted","","[""entity_id:TEXT!#1"",""account_id:TEXT!#2"",""confidence:TEXT!"",""source:TEXT!"",""first_observed_at:INTEGER!"",""last_observed_at:INTEGER!""]","[""account_id->fomo_accounts.account_id:NO ACTION"",""entity_id->trader_entities.entity_id:NO ACTION""]","[""U:account_id"",""U:entity_id,account_id""]","Approved cohort; preserve disabled/conflict states; no implicit radar grant"
"entity_wallet_identities","identity","IMPORT_APPROVED_IDENTITY","","not_counted","","[""entity_id:TEXT!#1"",""chain_family:TEXT!#2"",""address:TEXT!#3"",""confidence:TEXT!"",""source:TEXT!"",""first_observed_at:INTEGER!"",""last_observed_at:INTEGER!""]","[""entity_id->trader_entities.entity_id:NO ACTION""]","[""U:chain_family,address"",""U:entity_id,chain_family,address""]","Approved cohort; preserve disabled/conflict states; no implicit radar grant"
"event_projection_execution_contexts","work_and_receipts","PRESERVE_LEDGER_REBUILD_SELECTED_WORK","","not_counted","","[""event_id:TEXT!#1"",""projection_type:TEXT!#2"",""source_revision:TEXT!#3"",""lease_owner:TEXT!"",""execution_snapshot:TEXT!"",""claimed_at:INTEGER!""]","[]","[""U:event_id,projection_type,source_revision""]","No active lease/head replay; reconstruct only approved current-cohort work"
"event_projections","work_and_receipts","PRESERVE_LEDGER_REBUILD_SELECTED_WORK","","not_counted","","[""event_id:TEXT!#1"",""projection_type:TEXT!#2"",""source_revision:TEXT!#3"",""status:TEXT!"",""attempt_count:INTEGER!"",""next_attempt_at:INTEGER!"",""lease_owner:TEXT"",""lease_expires_at:INTEGER"",""result_key:TEXT"",""last_error:TEXT"",""created_at:INTEGER!"",""updated_at:INTEGER!"",""completed_at:INTEGER""]","[""event_id->trader_events.event_id:NO ACTION""]","[""I:status,next_attempt_at,lease_expires_at,updated_at"",""U:event_id,projection_type,source_revision""]","No active lease/head replay; reconstruct only approved current-cohort work"
"evidence_consumption","delivery_safety","IMPORT_FROZEN_DELIVERY_GUARDS","8","compact_index_count","2026-10-03T12:02:19.557Z","[""event_id:TEXT#1"",""broadcast_id:TEXT!"",""consumed_at:INTEGER!""]","[""broadcast_id->broadcast_records.broadcast_id:NO ACTION"",""event_id->trader_events.event_id:NO ACTION""]","[""U:event_id""]","Frozen legacy review/dedup only; never enqueue delivery"
"execution_revision_requests","work_and_receipts","PRESERVE_LEDGER_REBUILD_SELECTED_WORK","","not_counted","","[""source:TEXT!#1"",""event_id:TEXT!#2"",""consumer_type:TEXT!#3"",""subject_key:TEXT!"",""entity_id:TEXT!"",""token_id:TEXT!"",""desired_revision:INTEGER!"",""applied_revision:INTEGER!"",""dispatched_revision:INTEGER!"",""requested_at:INTEGER!"",""dispatched_at:INTEGER"",""applied_at:INTEGER"",""last_outcome:TEXT!""]","[]","[""I:consumer_type,subject_key,desired_revision,applied_revision,requested_at"",""U:source,event_id,consumer_type""]","No active lease/head replay; reconstruct only approved current-cohort work"
"fomo_accounts","identity","IMPORT_APPROVED_IDENTITY","","not_counted","","[""account_id:TEXT#1"",""handle:TEXT!"",""first_seen_at:INTEGER!"",""last_seen_at:INTEGER!""]","[]","[""U:handle"",""U:account_id""]","Approved cohort; preserve disabled/conflict states; no implicit radar grant"
"fomo_live_capture_gaps","fomo_deferred","PRESERVE_FOMO_NO_RESUME","","not_counted","","[""gap_id:TEXT#1"",""starts_at:INTEGER!"",""ends_at:INTEGER"",""reason:TEXT!"",""status:TEXT!""]","[]","[""U:gap_id""]","No collector resume or account follow"
"fomo_live_capture_sessions","fomo_deferred","PRESERVE_FOMO_NO_RESUME","","not_counted","","[""session_id:TEXT#1"",""started_at:INTEGER!"",""last_connected_at:INTEGER"",""connected:INTEGER!"",""ended_at:INTEGER""]","[]","[""U:session_id""]","No collector resume or account follow"
"fomo_live_inbox","fomo_deferred","PRESERVE_FOMO_NO_RESUME","0","compact_index_count","2026-10-03T12:02:19.557Z","[""event_id:TEXT#1"",""account_id:TEXT!"",""entity_id:TEXT!"",""event_json:TEXT!"",""raw_payload:TEXT!"",""content_hash:TEXT!"",""received_at:INTEGER!"",""processed_at:INTEGER"",""discard_reason:TEXT""]","[]","[""I:P:received_at,event_id"",""U:event_id""]","No collector resume or account follow"
"fomo_live_inbox_revisions","fomo_deferred","PRESERVE_FOMO_NO_RESUME","0","compact_index_count","2026-10-03T12:02:19.557Z","[""event_id:TEXT!#1"",""content_hash:TEXT!#2"",""event_json:TEXT!"",""raw_payload:TEXT!"",""observed_at:INTEGER!"",""status:TEXT!""]","[]","[""U:event_id,content_hash""]","No collector resume or account follow"
"historical_backfill_credit_usage","budgets","PRESERVE_LIVE_EXTERNAL_BUDGET_GUARDS","","not_counted","","[""usage_day:TEXT#1"",""credits_used:INTEGER!"",""updated_at:INTEGER!""]","[]","[""U:usage_day""]","Do not reset live quota/cooldown during coexistence"
"historical_backfill_partitions","work_and_receipts","PRESERVE_LEDGER_REBUILD_SELECTED_WORK","","not_counted","","[""partition_id:TEXT#1"",""query_kind:TEXT!"",""chain:TEXT!"",""day_start:INTEGER!"",""day_end:INTEGER!"",""token_addresses:TEXT!"",""status:TEXT!"",""execution_id:TEXT"",""next_offset:INTEGER"",""row_count:INTEGER!"",""attempt_count:INTEGER!"",""watermark:INTEGER"",""next_retry_at:INTEGER!"",""lease_expires_at:INTEGER"",""last_error:TEXT"",""created_at:INTEGER!"",""updated_at:INTEGER!"",""completed_at:INTEGER""]","[]","[""I:status,next_retry_at,created_at,partition_id"",""U:partition_id""]","No active lease/head replay; reconstruct only approved current-cohort work"
"historical_backfill_watermarks","work_and_receipts","PRESERVE_LEDGER_REBUILD_SELECTED_WORK","","not_counted","","[""chain:TEXT!#1"",""query_kind:TEXT!#2"",""watermark:INTEGER!"",""updated_at:INTEGER!""]","[]","[""U:chain,query_kind""]","No active lease/head replay; reconstruct only approved current-cohort work"
"historical_re_evaluation_requests","work_and_receipts","PRESERVE_LEDGER_REBUILD_SELECTED_WORK","","not_counted","","[""request_id:TEXT#1"",""token_id:TEXT!"",""status:TEXT!"",""requested_at:INTEGER!"",""started_at:INTEGER"",""completed_at:INTEGER"",""last_error:TEXT""]","[]","[""I:token_id,requested_at"",""I:status,requested_at,request_id"",""U:request_id""]","No active lease/head replay; reconstruct only approved current-cohort work"
"historical_token_mining_jobs","work_and_receipts","PRESERVE_LEDGER_REBUILD_SELECTED_WORK","","not_counted","","[""mining_job_id:TEXT#1"",""partition_id:TEXT!"",""token_id:TEXT!"",""chain:TEXT!"",""token_address:TEXT!"",""status:TEXT!"",""created_at:INTEGER!"",""updated_at:INTEGER!""]","[""partition_id->historical_token_partitions.partition_id:NO ACTION""]","[""I:status,updated_at,chain"",""U:token_id"",""U:mining_job_id""]","No active lease/head replay; reconstruct only approved current-cohort work"
"historical_token_partitions","work_and_receipts","PRESERVE_LEDGER_REBUILD_SELECTED_WORK","","not_counted","","[""partition_id:TEXT#1"",""chain:TEXT!"",""week_start:INTEGER!"",""week_end:INTEGER!"",""status:TEXT!"",""source_name:TEXT"",""cursor:TEXT"",""token_count:INTEGER!"",""next_attempt_at:INTEGER!"",""last_error:TEXT"",""created_at:INTEGER!"",""updated_at:INTEGER!"",""completed_at:INTEGER""]","[]","[""I:status,next_attempt_at,week_start,chain"",""U:chain,week_start"",""U:partition_id""]","No active lease/head replay; reconstruct only approved current-cohort work"
"historical_token_verifications","work_and_receipts","PRESERVE_LEDGER_REBUILD_SELECTED_WORK","","not_counted","","[""token_id:TEXT#1"",""provider:TEXT!"",""status:TEXT!"",""attempt_count:INTEGER!"",""consecutive_not_found:INTEGER!"",""exact_ca_match:INTEGER"",""history_available:INTEGER"",""provider_token_id:TEXT"",""provider_url:TEXT"",""last_error:TEXT"",""last_checked_at:INTEGER"",""next_retry_at:INTEGER!"",""updated_at:INTEGER!"",""last_lookup_id:TEXT"",""queued_at:INTEGER"",""result_received_at:INTEGER""]","[""token_id->historical_tokens.token_id:NO ACTION""]","[""I:status,next_retry_at,updated_at"",""U:token_id""]","No active lease/head replay; reconstruct only approved current-cohort work"
"historical_tokens","reference","IMPORT_REFERENCE_NO_ACTIVATION","8192","compact_index_count","2026-10-03T12:02:19.557Z","[""token_id:TEXT#1"",""chain:TEXT!"",""token_address:TEXT!"",""symbol:TEXT"",""image_url:TEXT"",""first_trade_at:INTEGER"",""first_reached_1m_at:INTEGER!"",""peak_market_cap_usd:REAL!"",""source:TEXT!"",""source_query_id:TEXT"",""provenance:TEXT!""]","[]","[""I:first_reached_1m_at,chain"",""U:chain,token_address"",""U:token_id""]","Reference-only; no discovery-window extension or radar grant"
"identity_conflicts","identity_audit","PRESERVE_AUDIT_AND_CONFLICTS","","not_counted","","[""conflict_id:TEXT#1"",""handle:TEXT!"",""account_id:TEXT!"",""chain_family:TEXT!"",""address:TEXT!"",""conflicting_account_id:TEXT!"",""status:TEXT!"",""payload:TEXT!"",""created_at:INTEGER!"",""resolved_at:INTEGER"",""resolution:TEXT""]","[""conflicting_account_id->fomo_accounts.account_id:NO ACTION"",""account_id->fomo_accounts.account_id:NO ACTION""]","[""U:conflict_id""]","Preserve provenance and dependency closure; no unapproved purge or activation"
"identity_resolution_batch_items","work_and_receipts","PRESERVE_LEDGER_REBUILD_SELECTED_WORK","","not_counted","","[""batch_id:TEXT!#1"",""handle:TEXT!#2"",""ordinal:INTEGER!""]","[""handle->identity_resolution_queue.handle:NO ACTION"",""batch_id->identity_resolution_batches.batch_id:NO ACTION""]","[""U:batch_id,ordinal"",""U:batch_id,handle""]","No active lease/head replay; reconstruct only approved current-cohort work"
"identity_resolution_batches","work_and_receipts","PRESERVE_LEDGER_REBUILD_SELECTED_WORK","","not_counted","","[""batch_id:TEXT#1"",""created_at:INTEGER!"",""max_size:INTEGER!"",""status:TEXT!"",""imported_at:INTEGER""]","[]","[""U:batch_id""]","No active lease/head replay; reconstruct only approved current-cohort work"
"identity_resolution_jobs","work_and_receipts","PRESERVE_LEDGER_REBUILD_SELECTED_WORK","","not_counted","","[""handle:TEXT#1"",""status:TEXT!"",""account_id:TEXT"",""expires_at:INTEGER!"",""next_attempt_at:INTEGER!"",""attempt_count:INTEGER!"",""payload:TEXT"",""updated_at:INTEGER!""]","[]","[""U:handle""]","No active lease/head replay; reconstruct only approved current-cohort work"
"identity_resolution_queue","work_and_receipts","PRESERVE_LEDGER_REBUILD_SELECTED_WORK","","not_counted","","[""handle:TEXT#1"",""account_id:TEXT!"",""priority:INTEGER!"",""reasons:TEXT!"",""status:TEXT!"",""first_seen_at:INTEGER!"",""last_seen_at:INTEGER!"",""next_export_at:INTEGER!"",""last_batch_id:TEXT"",""resolved_at:INTEGER""]","[""account_id->fomo_accounts.account_id:NO ACTION""]","[""I:status,next_export_at,priority"",""U:handle""]","No active lease/head replay; reconstruct only approved current-cohort work"
"leaderboard_observations","legacy_results","LEGACY_READ_ONLY_NOT_NEW_ELIGIBILITY","","not_counted","","[""account_id:TEXT!#1"",""window:TEXT!#2"",""rank:INTEGER!"",""profit_usd:REAL"",""observed_at:INTEGER!#3""]","[""account_id->fomo_accounts.account_id:NO ACTION""]","[""U:account_id,window,observed_at""]","Legacy policy namespace; no automatic new capability or admission"
"market_observations","market_facts","IMPORT_VALIDATED_FACT_SLICE","","not_counted","","[""chain:TEXT!#1"",""token_address:TEXT!#2"",""observed_at:INTEGER!#3"",""price_usd:REAL!"",""source:TEXT!#4""]","[]","[""I:chain,token_address,observed_at"",""U:chain,token_address,observed_at,source""]","Preserve provenance and dependency closure; no unapproved purge or activation"
"migration_audit","identity_audit","PRESERVE_AUDIT_AND_CONFLICTS","","not_counted","","[""source_checksum:TEXT!#1"",""imported_at:INTEGER!"",""table_counts:TEXT!""]","[]","[""U:source_checksum""]","Preserve provenance and dependency closure; no unapproved purge or activation"
"milestone_backfill_jobs","work_and_receipts","PRESERVE_LEDGER_REBUILD_SELECTED_WORK","","not_counted","","[""job_id:TEXT#1"",""milestone_id:TEXT!"",""chain:TEXT!"",""token_address:TEXT!"",""status:TEXT!"",""source:TEXT!"",""cursor:TEXT"",""attempt_count:INTEGER!"",""next_attempt_at:INTEGER!"",""coverage_start_at:INTEGER"",""coverage_end_at:INTEGER"",""records_seen:INTEGER!"",""records_inserted:INTEGER!"",""last_error:TEXT"",""created_at:INTEGER!"",""updated_at:INTEGER!"",""completed_at:INTEGER""]","[""milestone_id->token_milestones.milestone_id:NO ACTION""]","[""I:status,next_attempt_at,created_at"",""U:milestone_id,source"",""U:job_id""]","No active lease/head replay; reconstruct only approved current-cohort work"
"milestone_evaluations","legacy_results","LEGACY_READ_ONLY_NOT_NEW_ELIGIBILITY","","not_counted","","[""evaluation_id:TEXT#1"",""milestone_id:TEXT!"",""strategy_version:TEXT!"",""event_watermark:INTEGER!"",""eligible_buy_count:INTEGER!"",""evaluated_account_count:INTEGER!"",""qualified_candidate_count:INTEGER!"",""coverage_status:TEXT!"",""evaluated_at:INTEGER!""]","[""milestone_id->token_milestones.milestone_id:NO ACTION""]","[""I:milestone_id,evaluated_at"",""U:milestone_id,strategy_version,event_watermark"",""U:evaluation_id""]","Legacy policy namespace; no automatic new capability or admission"
"monitoring_registry_consumers","runtime","PRESERVE_HISTORY_REINITIALIZE_RUNTIME","","not_counted","","[""consumer:TEXT#1"",""applied_version:INTEGER!"",""applied_at:INTEGER!""]","[]","[""U:consumer""]","Old health/checkpoint is context, not fresh success; fenced handoff required"
"monitoring_registry_outbox","runtime","PRESERVE_HISTORY_REINITIALIZE_RUNTIME","","not_counted","","[""event_id:TEXT#1"",""entity_id:TEXT!"",""event_type:TEXT!"",""payload:TEXT!"",""status:TEXT!"",""created_at:INTEGER!"",""published_at:INTEGER""]","[""entity_id->trader_entities.entity_id:NO ACTION""]","[""I:status,created_at"",""U:event_id""]","Old health/checkpoint is context, not fresh success; fenced handoff required"
"monitoring_registry_state","runtime","PRESERVE_HISTORY_REINITIALIZE_RUNTIME","","not_counted","","[""singleton:INTEGER#1"",""version:INTEGER!"",""updated_at:INTEGER!""]","[]","[]","Old health/checkpoint is context, not fresh success; fenced handoff required"
"operator_audit_log","identity_audit","PRESERVE_AUDIT_AND_CONFLICTS","46","compact_index_count","2026-10-03T12:02:19.557Z","[""audit_id:TEXT#1"",""action:TEXT!"",""actor:TEXT!"",""payload:TEXT!"",""occurred_at:INTEGER!""]","[]","[""U:audit_id""]","Preserve provenance and dependency closure; no unapproved purge or activation"
"outcome_observations","delivery_safety","IMPORT_FROZEN_DELIVERY_GUARDS","","not_counted","","[""broadcast_id:TEXT!#1"",""horizon:TEXT!#2"",""payload:TEXT!"",""observed_at:INTEGER!""]","[""broadcast_id->broadcast_records.broadcast_id:NO ACTION""]","[""U:broadcast_id,horizon""]","Frozen legacy review/dedup only; never enqueue delivery"
"provider_budget_usage","budgets","PRESERVE_LIVE_EXTERNAL_BUDGET_GUARDS","","not_counted","","[""provider:TEXT!#1"",""usage_window:TEXT!#2"",""units_used:REAL!"",""updated_at:INTEGER!""]","[]","[""U:provider,usage_window""]","Do not reset live quota/cooldown during coexistence"
"provider_request_gates","budgets","PRESERVE_LIVE_EXTERNAL_BUDGET_GUARDS","","not_counted","","[""provider:TEXT#1"",""next_request_at:INTEGER!"",""cooldown_until:INTEGER!"",""updated_at:INTEGER!""]","[]","[""U:provider""]","Do not reset live quota/cooldown during coexistence"
"raw_trader_observations","source_facts","IMPORT_PROTECTED_SOURCE_SLICE","","not_counted","","[""observation_id:TEXT#1"",""event_id:TEXT!"",""entity_id:TEXT!"",""source_family:TEXT!"",""chain:TEXT!"",""token_address:TEXT!"",""side:TEXT!"",""amount_usd:REAL"",""occurred_at:INTEGER!"",""payload:TEXT!"",""recorded_at:INTEGER!""]","[""entity_id->trader_entities.entity_id:NO ACTION""]","[""I:entity_id,chain,token_address,side,occurred_at"",""U:observation_id""]","Preserve provenance and dependency closure; no unapproved purge or activation"
"recovery_fact_links","fact_and_conflict_ledger","PRESERVE_PROOF_REVALIDATE_STATE","18005","compact_index_count","2026-10-03T12:02:19.557Z","[""recovery_job_id:TEXT!#1"",""fact_type:TEXT!#2"",""fact_key:TEXT!#3"",""status:TEXT!"",""terminal_reason:TEXT"",""verified_at:INTEGER"",""updated_at:INTEGER!""]","[]","[""I:fact_type,fact_key,status"",""I:status,updated_at,fact_type"",""U:recovery_job_id,fact_type,fact_key""]","Preserve provenance and dependency closure; no unapproved purge or activation"
"recovery_jobs","work_and_receipts","PRESERVE_LEDGER_REBUILD_SELECTED_WORK","","not_counted","","[""job_id:TEXT#1"",""job_type:TEXT!"",""chain:TEXT!"",""subject_key:TEXT!"",""status:TEXT!"",""priority:INTEGER!"",""cursor:TEXT"",""attempt_count:INTEGER!"",""next_attempt_at:INTEGER!"",""lease_expires_at:INTEGER"",""last_error:TEXT"",""created_at:INTEGER!"",""updated_at:INTEGER!"",""completed_at:INTEGER""]","[]","[""I:status,next_attempt_at,priority,created_at"",""U:job_type,chain,subject_key"",""U:job_id""]","No active lease/head replay; reconstruct only approved current-cohort work"
"recovery_priority_audit","work_and_receipts","PRESERVE_LEDGER_REBUILD_SELECTED_WORK","","not_counted","","[""job_id:TEXT!#1"",""action:TEXT!#2"",""priority_before:INTEGER!"",""priority_after:INTEGER!"",""previous_record:TEXT!"",""promoted_at:INTEGER!"",""restored_at:INTEGER""]","[]","[""U:job_id,action""]","No active lease/head replay; reconstruct only approved current-cohort work"
"runtime_quality_snapshots","runtime","PRESERVE_HISTORY_REINITIALIZE_RUNTIME","","not_counted","","[""snapshot_id:INTEGER#1"",""payload:TEXT!"",""recorded_at:INTEGER!""]","[]","[]","Old health/checkpoint is context, not fresh success; fenced handoff required"
"sample_diagnostics","legacy_results","LEGACY_READ_ONLY_NOT_NEW_ELIGIBILITY","","not_counted","","[""sample_id:TEXT#1"",""reason_code:TEXT!"",""label_zh:TEXT!"",""detail_zh:TEXT!"",""provider:TEXT"",""retryable:INTEGER!"",""next_retry_at:INTEGER"",""updated_at:INTEGER!""]","[""sample_id->trader_token_samples.sample_id:NO ACTION""]","[""U:sample_id""]","Legacy policy namespace; no automatic new capability or admission"
"signal_outbox","delivery_safety","IMPORT_FROZEN_DELIVERY_GUARDS","0","compact_index_count","2026-10-03T12:02:19.557Z","[""outbox_id:TEXT#1"",""broadcast_id:TEXT!"",""token_id:TEXT!"",""broadcast_sequence:INTEGER!"",""payload:TEXT!"",""status:TEXT!"",""attempt_count:INTEGER!"",""next_retry_at:INTEGER!"",""last_error:TEXT"",""claimed_by:TEXT"",""claimed_at:INTEGER"",""claim_token:TEXT"",""claim_generation:INTEGER!"",""lease_expires_at:INTEGER"",""delivered_at:INTEGER"",""created_at:INTEGER!""]","[""broadcast_id->broadcast_records.broadcast_id:NO ACTION""]","[""I:status,next_retry_at,created_at,token_id,broadcast_sequence"",""U:token_id,broadcast_sequence"",""U:broadcast_id"",""U:outbox_id""]","Frozen legacy review/dedup only; never enqueue delivery"
"signal_outbox_migration_review","delivery_safety","IMPORT_FROZEN_DELIVERY_GUARDS","8","compact_index_count","2026-10-03T12:02:19.557Z","[""review_id:TEXT#1"",""broadcast_id:TEXT!"",""token_id:TEXT!"",""broadcast_sequence:INTEGER!"",""idempotency_key:TEXT!"",""payload:TEXT!"",""status:TEXT!"",""validation_status:TEXT!"",""reason:TEXT!"",""created_at:INTEGER!"",""reviewed_at:INTEGER"",""decision:TEXT"",""decided_by:TEXT"",""decision_reason:TEXT"",""decided_at:INTEGER""]","[""broadcast_id->broadcast_records.broadcast_id:NO ACTION""]","[""U:broadcast_id"",""U:review_id""]","Frozen legacy review/dedup only; never enqueue delivery"
"signal_projection_execution_receipts","work_and_receipts","PRESERVE_LEDGER_REBUILD_SELECTED_WORK","","not_counted","","[""token_id:TEXT!#1"",""projection_revision:INTEGER!#2"",""source:TEXT!#3"",""event_id:TEXT!#4"",""consumer_type:TEXT!#5"",""execution_revision:INTEGER!#6"",""execution_fingerprint:TEXT!"",""evidence_fingerprint:TEXT!"",""decision_action:TEXT!"",""completed_at:INTEGER!""]","[]","[""U:token_id,projection_revision,source,event_id,consumer_type,execution_revision""]","No active lease/head replay; reconstruct only approved current-cohort work"
"signal_projection_requests","work_and_receipts","PRESERVE_LEDGER_REBUILD_SELECTED_WORK","","not_counted","","[""token_id:TEXT#1"",""chain:TEXT!"",""token_address:TEXT!"",""source_fingerprint:TEXT!"",""desired_revision:INTEGER!"",""applied_revision:INTEGER!"",""requested_at:INTEGER!"",""applied_at:INTEGER"",""last_error:TEXT""]","[]","[""I:desired_revision,applied_revision,requested_at"",""U:token_id""]","No active lease/head replay; reconstruct only approved current-cohort work"
"signal_projection_scan_state","runtime","PRESERVE_HISTORY_REINITIALIZE_RUNTIME","","not_counted","","[""scan_id:TEXT#1"",""cursor:TEXT!"",""updated_at:INTEGER!""]","[]","[""U:scan_id""]","Old health/checkpoint is context, not fresh success; fenced handoff required"
"source_cursors","runtime","PRESERVE_HISTORY_REINITIALIZE_RUNTIME","","not_counted","","[""source:TEXT!#1"",""chain:TEXT!#2"",""cursor:TEXT!"",""position:INTEGER!"",""updated_at:INTEGER!""]","[]","[""U:source,chain""]","Old health/checkpoint is context, not fresh success; fenced handoff required"
"source_fact_ability_dispatches","work_and_receipts","PRESERVE_LEDGER_REBUILD_SELECTED_WORK","","not_counted","","[""token_id:TEXT!#1"",""fact_type:TEXT!#2"",""revision:INTEGER!#3"",""trader_id:TEXT!#4"",""requested_at:INTEGER!"",""dispatched_at:INTEGER""]","[]","[""I:dispatched_at,requested_at"",""U:token_id,fact_type,revision,trader_id""]","No active lease/head replay; reconstruct only approved current-cohort work"
"source_fact_revision_receipts","work_and_receipts","PRESERVE_LEDGER_REBUILD_SELECTED_WORK","","not_counted","","[""token_id:TEXT!#1"",""fact_type:TEXT!#2"",""revision:INTEGER!#3"",""processed_at:INTEGER!""]","[]","[""U:token_id,fact_type,revision""]","No active lease/head replay; reconstruct only approved current-cohort work"
"source_health","runtime","PRESERVE_HISTORY_REINITIALIZE_RUNTIME","","not_counted","","[""source:TEXT!#1"",""chain:TEXT!#2"",""state:TEXT!"",""last_attempt_at:INTEGER!"",""last_success_at:INTEGER"",""last_event_at:INTEGER"",""consecutive_failures:INTEGER!"",""latency_ms:INTEGER"",""rate_limit_reset_at:INTEGER"",""cursor:TEXT"",""last_error_code:TEXT""]","[]","[""U:source,chain""]","Old health/checkpoint is context, not fresh success; fenced handoff required"
"source_observation_conflicts","fact_and_conflict_ledger","PRESERVE_PROOF_REVALIDATE_STATE","703","compact_index_count","2026-10-03T12:02:19.557Z","[""conflict_id:TEXT#1"",""observation_id:TEXT!"",""existing_fingerprint:TEXT!"",""incoming_fingerprint:TEXT!"",""existing_observation:TEXT!"",""incoming_observation:TEXT!"",""first_seen_at:INTEGER!"",""last_seen_at:INTEGER!"",""occurrence_count:INTEGER!""]","[]","[""I:last_seen_at,conflict_id"",""U:observation_id,existing_fingerprint,incoming_fingerprint"",""U:conflict_id""]","Preserve provenance and dependency closure; no unapproved purge or activation"
"source_observation_enrichments","source_facts","IMPORT_PROTECTED_SOURCE_SLICE","","not_counted","","[""observation_id:TEXT!#1"",""revision:INTEGER!#2"",""amount_usd:REAL"",""price_usd:REAL"",""collected_at:INTEGER!"",""provenance_json:TEXT"",""quality_score:REAL!"",""created_at:INTEGER!""]","[]","[""I:observation_id,revision"",""U:observation_id,revision""]","Preserve provenance and dependency closure; no unapproved purge or activation"
"source_observations","source_facts","IMPORT_PROTECTED_SOURCE_SLICE","","not_counted","","[""observation_id:TEXT#1"",""source:TEXT!"",""source_event_id:TEXT!"",""chain:TEXT!"",""observed_at:INTEGER!"",""collected_at:INTEGER!"",""payload_version:INTEGER!"",""payload:TEXT!"",""confidence:REAL!"",""extraction_mode:TEXT!"",""provenance:TEXT!"",""content_fingerprint:TEXT!"",""fingerprint_version:INTEGER!""]","[]","[""I:source,collected_at,observation_id"",""I:chain,observed_at,observation_id"",""U:source,source_event_id,payload_version"",""U:observation_id""]","Preserve provenance and dependency closure; no unapproved purge or activation"
"source_recovery_repair_audit","work_and_receipts","PRESERVE_LEDGER_REBUILD_SELECTED_WORK","","not_counted","","[""job_id:TEXT!#1"",""repair_version:TEXT!#2"",""previous_record:TEXT!"",""repaired_at:INTEGER!""]","[]","[""U:job_id,repair_version""]","No active lease/head replay; reconstruct only approved current-cohort work"
"strategy_config_versions","reference","IMPORT_REFERENCE_NO_ACTIVATION","0","compact_index_count","2026-10-03T12:02:19.557Z","[""strategy_version:TEXT#1"",""payload:TEXT!"",""created_at:INTEGER!""]","[]","[""U:strategy_version""]","Reference-only; no discovery-window extension or radar grant"
"token_aggregation_state","legacy_results","LEGACY_READ_ONLY_NOT_NEW_ELIGIBILITY","","not_counted","","[""token_id:TEXT#1"",""chain:TEXT!"",""token_address:TEXT!"",""current_score:REAL!"",""peak_score:REAL!"",""broadcast_count:INTEGER!"",""updated_at:INTEGER!""]","[]","[""U:chain,token_address"",""U:token_id""]","Legacy policy namespace; no automatic new capability or admission"
"token_evaluation_state","legacy_results","LEGACY_READ_ONLY_NOT_NEW_ELIGIBILITY","","not_counted","","[""token_id:TEXT#1"",""chain:TEXT!"",""token_address:TEXT!"",""action:TEXT!"",""signal_family:TEXT"",""lifecycle_stage:TEXT!"",""score:REAL!"",""participant_count:INTEGER!"",""total_buy_usd:REAL!"",""source_state:TEXT!"",""window_ms:INTEGER!"",""missing_conditions:TEXT!"",""updated_at:INTEGER!"",""bundle_diagnostics:TEXT!""]","[]","[""U:chain,token_address"",""U:token_id""]","Legacy policy namespace; no automatic new capability or admission"
"token_fact_attempts","fact_and_conflict_ledger","PRESERVE_PROOF_REVALIDATE_STATE","","not_counted","","[""attempt_id:TEXT#1"",""token_id:TEXT!"",""fact_type:TEXT!"",""provider:TEXT!"",""outcome:TEXT!"",""started_at:INTEGER!"",""finished_at:INTEGER!"",""facts_written:INTEGER!"",""coverage_start_at:INTEGER"",""coverage_end_at:INTEGER"",""retry_at:INTEGER"",""message:TEXT"",""payload:TEXT""]","[""token_id->token_fact_status.token_id:CASCADE"",""fact_type->token_fact_status.fact_type:CASCADE""]","[""I:finished_at,provider,outcome,facts_written"",""I:provider,outcome,finished_at"",""I:token_id,fact_type,finished_at,attempt_id"",""U:attempt_id""]","Preserve provenance and dependency closure; no unapproved purge or activation"
"token_fact_conflicts","fact_and_conflict_ledger","PRESERVE_PROOF_REVALIDATE_STATE","0","compact_index_count","2026-10-03T12:02:19.557Z","[""conflict_id:TEXT#1"",""token_id:TEXT!"",""fact_type:TEXT!"",""left_source:TEXT!"",""right_source:TEXT!"",""left_value:TEXT!"",""right_value:TEXT!"",""status:TEXT!"",""resolution:TEXT"",""first_seen_at:INTEGER!"",""last_seen_at:INTEGER!"",""occurrence_count:INTEGER!""]","[]","[""I:status,fact_type,last_seen_at"",""U:conflict_id""]","Preserve provenance and dependency closure; no unapproved purge or activation"
"token_fact_dependencies","fact_and_conflict_ledger","PRESERVE_PROOF_REVALIDATE_STATE","","not_counted","","[""token_id:TEXT!#1"",""fact_type:TEXT!#2"",""depends_on_fact_type:TEXT!#3"",""created_at:INTEGER!""]","[]","[""U:token_id,fact_type,depends_on_fact_type""]","Preserve provenance and dependency closure; no unapproved purge or activation"
"token_fact_status","fact_and_conflict_ledger","PRESERVE_PROOF_REVALIDATE_STATE","27937","compact_index_count","2026-10-03T12:02:19.557Z","[""token_id:TEXT!#1"",""fact_type:TEXT!#2"",""status:TEXT!"",""precision:TEXT"",""primary_source:TEXT"",""coverage_start_at:INTEGER"",""coverage_end_at:INTEGER"",""observed_at:INTEGER"",""known_at:INTEGER"",""fresh_until:INTEGER"",""attempt_count:INTEGER!"",""next_attempt_at:INTEGER"",""terminal_reason:TEXT"",""strategy_version:TEXT!"",""revision:INTEGER!"",""updated_at:INTEGER!""]","[]","[""I:token_id,status,fact_type"",""I:status,next_attempt_at,fact_type,updated_at"",""U:token_id,fact_type""]","Preserve provenance and dependency closure; no unapproved purge or activation"
"token_fact_watermarks","fact_and_conflict_ledger","PRESERVE_PROOF_REVALIDATE_STATE","","not_counted","","[""token_id:TEXT!#1"",""fact_type:TEXT!#2"",""provider:TEXT!#3"",""cursor:TEXT"",""coverage_end_at:INTEGER"",""updated_at:INTEGER!""]","[]","[""U:token_id,fact_type,provider""]","Preserve provenance and dependency closure; no unapproved purge or activation"
"token_market_snapshots","market_facts","IMPORT_VALIDATED_FACT_SLICE","","not_counted","","[""snapshot_id:TEXT#1"",""token_id:TEXT!"",""source:TEXT!"",""observed_at:INTEGER!"",""price_usd:REAL"",""market_cap_usd:REAL"",""liquidity_usd:REAL"",""payload:TEXT!"",""content_fingerprint:TEXT!""]","[]","[""I:token_id,observed_at,snapshot_id"",""U:snapshot_id""]","Preserve provenance and dependency closure; no unapproved purge or activation"
"token_milestone_crossings","market_facts","IMPORT_VALIDATED_FACT_SLICE","8264","compact_index_count","2026-10-03T12:02:19.557Z","[""milestone_id:TEXT#1"",""token_id:TEXT!"",""market_cap_usd:REAL!"",""crossed_at:INTEGER"",""precision:TEXT!"",""source:TEXT!"",""source_event_ids:TEXT!"",""strategy_version:TEXT!""]","[]","[""I:token_id,market_cap_usd"",""U:token_id,market_cap_usd,strategy_version"",""U:milestone_id""]","Preserve provenance and dependency closure; no unapproved purge or activation"
"token_milestones","market_facts","IMPORT_VALIDATED_FACT_SLICE","335","compact_index_count","2026-10-03T12:02:19.557Z","[""milestone_id:TEXT#1"",""chain:TEXT!"",""token_address:TEXT!"",""market_cap_usd:REAL!"",""reached_at:INTEGER!"",""payload:TEXT!""]","[]","[""U:chain,token_address,market_cap_usd"",""U:milestone_id""]","Preserve provenance and dependency closure; no unapproved purge or activation"
"token_observation_state","reference","IMPORT_REFERENCE_NO_ACTIVATION","2685","compact_index_count","2026-10-03T12:02:19.557Z","[""token_id:TEXT#1"",""chain:TEXT!"",""token_address:TEXT!"",""first_observed_at:INTEGER!"",""last_observed_at:INTEGER!"",""identity_status:TEXT!"",""market_status:TEXT!"",""fomo_status:TEXT!"",""milestone_status:TEXT!"",""evidence_status:TEXT!"",""milestone_observed_at:INTEGER"",""symbol:TEXT"",""image_url:TEXT"",""market_cap_usd:REAL"",""launched_at:INTEGER"",""quarantined:INTEGER!"",""quarantine_reason:TEXT""]","[]","[""I:chain,last_observed_at,token_id"",""U:token_id""]","Reference-only; no discovery-window extension or radar grant"
"trader_abilities","legacy_results","LEGACY_READ_ONLY_NOT_NEW_ELIGIBILITY","","not_counted","","[""entity_id:TEXT!#1"",""ability_key:TEXT!#2"",""confidence:REAL!"",""sample_count:INTEGER!"",""evidence_window:TEXT!#3"",""assigned_at:INTEGER!"",""last_evaluated_at:INTEGER!""]","[""entity_id->trader_entities.entity_id:NO ACTION""]","[""I:ability_key,confidence"",""U:entity_id,ability_key,evidence_window""]","Legacy policy namespace; no automatic new capability or admission"
"trader_ability_snapshots","legacy_results","LEGACY_READ_ONLY_NOT_NEW_ELIGIBILITY","","not_counted","","[""snapshot_id:TEXT#1"",""entity_id:TEXT!"",""window:TEXT!"",""as_of:INTEGER!"",""strategy_version:TEXT!"",""raw_quality:REAL!"",""adjusted_quality:REAL!"",""sample_confidence:REAL!"",""coverage_confidence:REAL!"",""metrics:TEXT!"",""components:TEXT!"",""styles:TEXT!"",""created_at:INTEGER!""]","[""entity_id->trader_entities.entity_id:NO ACTION""]","[""I:as_of"",""I:entity_id,window,as_of"",""U:snapshot_id""]","Legacy policy namespace; no automatic new capability or admission"
"trader_backfill_jobs","work_and_receipts","PRESERVE_LEDGER_REBUILD_SELECTED_WORK","","not_counted","","[""job_id:TEXT#1"",""entity_id:TEXT!"",""status:TEXT!"",""cursor:TEXT"",""attempt_count:INTEGER!"",""coverage:TEXT!"",""last_error:TEXT"",""next_attempt_at:INTEGER!"",""completed_at:INTEGER"",""created_at:INTEGER!"",""updated_at:INTEGER!""]","[""entity_id->trader_entities.entity_id:NO ACTION""]","[""I:status,next_attempt_at,created_at"",""U:job_id""]","No active lease/head replay; reconstruct only approved current-cohort work"
"trader_coverage_state","legacy_results","LEGACY_READ_ONLY_NOT_NEW_ELIGIBILITY","","not_counted","","[""trader_id:TEXT#1"",""tier:TEXT!"",""coverage_state:TEXT!"",""last_covered_at:INTEGER"",""next_evaluation_at:INTEGER!"",""strategy_version:TEXT!"",""updated_at:INTEGER!""]","[""trader_id->trader_entities.entity_id:NO ACTION""]","[""I:coverage_state,next_evaluation_at,tier"",""U:trader_id""]","Legacy policy namespace; no automatic new capability or admission"
"trader_entities","identity","IMPORT_APPROVED_IDENTITY","","not_counted","","[""entity_id:TEXT#1"",""lifecycle:TEXT!"",""manual:INTEGER!"",""locked:INTEGER!"",""created_at:INTEGER!"",""updated_at:INTEGER!""]","[]","[""U:entity_id""]","Approved cohort; preserve disabled/conflict states; no implicit radar grant"
"trader_events","source_facts","IMPORT_PROTECTED_SOURCE_SLICE","","not_counted","","[""event_id:TEXT#1"",""account_id:TEXT!"",""entity_id:TEXT!"",""chain:TEXT!"",""token_address:TEXT!"",""side:TEXT!"",""amount_usd:REAL"",""price_usd:REAL"",""market_cap_usd:REAL"",""token_age_ms:INTEGER"",""occurred_at:INTEGER!"",""collected_at:INTEGER!"",""source:TEXT!""]","[""entity_id->trader_entities.entity_id:NO ACTION"",""account_id->fomo_accounts.account_id:NO ACTION""]","[""I:entity_id,collected_at"",""I:chain,token_address,occurred_at"",""I:entity_id,occurred_at"",""U:event_id""]","Preserve provenance and dependency closure; no unapproved purge or activation"
"trader_execution_heads","source_facts","IMPORT_PROTECTED_SOURCE_SLICE","9236","compact_index_count","2026-10-03T12:02:19.557Z","[""source:TEXT!#1"",""event_id:TEXT!#2"",""entity_id:TEXT!"",""chain:TEXT!"",""token_address:TEXT!"",""revision:INTEGER!"",""fingerprint:TEXT!"",""last_observed_at:INTEGER!"",""projection_state:TEXT!""]","[]","[""I:chain,token_address"",""I:entity_id,projection_state"",""U:source,event_id""]","Preserve provenance and dependency closure; no unapproved purge or activation"
"trader_execution_revisions","source_facts","IMPORT_PROTECTED_SOURCE_SLICE","2062","compact_index_count","2026-10-03T12:02:19.557Z","[""source:TEXT!#1"",""event_id:TEXT!#2"",""revision:INTEGER!#3"",""fingerprint:TEXT!"",""payload:TEXT!"",""recorded_at:INTEGER!""]","[]","[""U:source,event_id,revision""]","Preserve provenance and dependency closure; no unapproved purge or activation"
"trader_lifecycle_audit","identity_audit","PRESERVE_AUDIT_AND_CONFLICTS","","not_counted","","[""audit_id:TEXT#1"",""entity_id:TEXT!"",""from_state:TEXT!"",""to_state:TEXT!"",""reason_code:TEXT!"",""reason_text:TEXT!"",""actor:TEXT!"",""occurred_at:INTEGER!""]","[""entity_id->trader_entities.entity_id:NO ACTION""]","[""I:entity_id,occurred_at"",""U:audit_id""]","Preserve provenance and dependency closure; no unapproved purge or activation"
"trader_lifecycle_events","identity_audit","PRESERVE_AUDIT_AND_CONFLICTS","","not_counted","","[""lifecycle_event_id:TEXT#1"",""entity_id:TEXT!"",""previous_state:TEXT!"",""next_state:TEXT!"",""reasons:TEXT!"",""strategy_version:TEXT!"",""occurred_at:INTEGER!""]","[""entity_id->trader_entities.entity_id:NO ACTION""]","[""U:lifecycle_event_id""]","Preserve provenance and dependency closure; no unapproved purge or activation"
"trader_monitoring_policy","identity","IMPORT_APPROVED_IDENTITY","","not_counted","","[""trader_id:TEXT#1"",""policy:TEXT!"",""updated_at:INTEGER!""]","[""trader_id->trader_entities.entity_id:NO ACTION""]","[""I:policy,updated_at,trader_id"",""U:trader_id""]","Approved cohort; preserve disabled/conflict states; no implicit radar grant"
"trader_profiles","identity","IMPORT_APPROVED_IDENTITY","","not_counted","","[""entity_id:TEXT#1"",""display_name:TEXT!"",""priority:TEXT!"",""notes:TEXT"",""monitoring_enabled:INTEGER!"",""fomo_monitoring_enabled:INTEGER!"",""onchain_monitoring_enabled:INTEGER!"",""created_at:INTEGER!"",""updated_at:INTEGER!""]","[""entity_id->trader_entities.entity_id:NO ACTION""]","[""U:entity_id""]","Approved cohort; preserve disabled/conflict states; no implicit radar grant"
"trader_repeatable_ability_snapshots","legacy_results","LEGACY_READ_ONLY_NOT_NEW_ELIGIBILITY","","not_counted","","[""snapshot_id:TEXT#1"",""entity_id:TEXT!"",""window:TEXT!"",""ability_stage:TEXT!"",""bundle_risk_state:TEXT!"",""total_samples:INTEGER!"",""valid_samples:INTEGER!"",""successful_distinct_tokens:INTEGER!"",""win_rate:REAL!"",""sample_span_ms:INTEGER!"",""maximum_single_token_profit_share:REAL!"",""bundle_distinct_token_count:INTEGER!"",""reason_codes:TEXT!"",""strategy_version:TEXT!"",""evaluated_at:INTEGER!""]","[""entity_id->trader_entities.entity_id:NO ACTION""]","[""I:strategy_version,window,entity_id,evaluated_at"",""I:entity_id,window,evaluated_at"",""U:snapshot_id""]","Legacy policy namespace; no automatic new capability or admission"
"trader_score_snapshots","legacy_results","LEGACY_READ_ONLY_NOT_NEW_ELIGIBILITY","","not_counted","","[""snapshot_id:TEXT#1"",""entity_id:TEXT!"",""strategy_version:TEXT!"",""window:TEXT!"",""quality:REAL!"",""components:TEXT!"",""sample_count:INTEGER!"",""recorded_at:INTEGER!""]","[""entity_id->trader_entities.entity_id:NO ACTION""]","[""I:entity_id,recorded_at"",""U:snapshot_id""]","Legacy policy namespace; no automatic new capability or admission"
"trader_sources","identity","IMPORT_APPROVED_IDENTITY","","not_counted","","[""entity_id:TEXT!#1"",""source_key:TEXT!#2"",""first_observed_at:INTEGER!"",""last_observed_at:INTEGER!"",""payload:TEXT!""]","[""entity_id->trader_entities.entity_id:NO ACTION""]","[""I:source_key,last_observed_at"",""U:entity_id,source_key""]","Approved cohort; preserve disabled/conflict states; no implicit radar grant"
"trader_style_scores","legacy_results","LEGACY_READ_ONLY_NOT_NEW_ELIGIBILITY","","not_counted","","[""snapshot_id:TEXT!#1"",""style:TEXT!#2"",""score:REAL!""]","[""snapshot_id->trader_score_snapshots.snapshot_id:NO ACTION""]","[""U:snapshot_id,style""]","Legacy policy namespace; no automatic new capability or admission"
"trader_tags","identity","IMPORT_APPROVED_IDENTITY","","not_counted","","[""entity_id:TEXT!#1"",""category:TEXT!#2"",""tag:TEXT!#3"",""created_at:INTEGER!""]","[""entity_id->trader_entities.entity_id:NO ACTION""]","[""I:category,tag"",""U:entity_id,category,tag""]","Approved cohort; preserve disabled/conflict states; no implicit radar grant"
"trader_token_outcomes","legacy_results","LEGACY_READ_ONLY_NOT_NEW_ELIGIBILITY","124824","compact_index_count","2026-10-03T12:02:19.557Z","[""sample_id:TEXT!#1"",""horizon:TEXT!#2"",""target_at:INTEGER!"",""observed_at:INTEGER"",""close_multiple:REAL"",""mfe_multiple:REAL"",""mae_multiple:REAL"",""captured_multiple:REAL"",""hit_1_5x:INTEGER"",""hit_2x:INTEGER"",""hit_5x:INTEGER"",""hit_10x:INTEGER"",""time_to_1_5x_ms:INTEGER"",""time_to_2x_ms:INTEGER"",""time_to_5x_ms:INTEGER"",""time_to_10x_ms:INTEGER"",""coverage_status:TEXT!"",""source:TEXT"",""computed_at:INTEGER!""]","[""sample_id->trader_token_samples.sample_id:NO ACTION""]","[""I:coverage_status,target_at"",""U:sample_id,horizon""]","Legacy policy namespace; no automatic new capability or admission"
"trader_token_samples","legacy_results","LEGACY_READ_ONLY_NOT_NEW_ELIGIBILITY","24249","compact_index_count","2026-10-03T12:02:19.557Z","[""sample_id:TEXT#1"",""entity_id:TEXT!"",""chain:TEXT!"",""token_address:TEXT!"",""first_buy_at:INTEGER!"",""last_activity_at:INTEGER!"",""weighted_entry_price_usd:REAL"",""weighted_entry_market_cap_usd:REAL"",""total_buy_usd:REAL!"",""total_sell_usd:REAL!"",""realized_value_usd:REAL!"",""remaining_cost_usd:REAL!"",""launch_at:INTEGER"",""lifecycle_stage_at_entry:TEXT!"",""source_state:TEXT!"",""sample_status:TEXT!"",""exclusion_reason:TEXT"",""created_at:INTEGER!"",""updated_at:INTEGER!""]","[""entity_id->trader_entities.entity_id:NO ACTION""]","[""I:entity_id,updated_at"",""I:entity_id,first_buy_at"",""U:entity_id,chain,token_address"",""U:sample_id""]","Legacy policy namespace; no automatic new capability or admission"
"wallet_analysis_checkpoints","wallet_analysis","PRESERVE_ANALYSIS_EXTRACT_PROVEN_FACTS","","not_counted","","[""analysis_id:TEXT!#1"",""scope:TEXT!#2"",""cursor:TEXT!"",""updated_at:INTEGER!""]","[""analysis_id->wallet_analysis_jobs.analysis_id:NO ACTION""]","[""U:analysis_id,scope""]","Preserve provenance and dependency closure; no unapproved purge or activation"
"wallet_analysis_history_events","wallet_analysis","PRESERVE_ANALYSIS_EXTRACT_PROVEN_FACTS","","not_counted","","[""analysis_id:TEXT!#1"",""event_id:TEXT!#2"",""chain:TEXT!"",""token_address:TEXT!"",""side:TEXT!"",""token_amount:REAL!"",""occurred_at:INTEGER!"",""created_at:INTEGER!""]","[""analysis_id->wallet_analysis_jobs.analysis_id:NO ACTION""]","[""I:analysis_id,occurred_at"",""U:analysis_id,event_id""]","Preserve provenance and dependency closure; no unapproved purge or activation"
"wallet_analysis_job_bounds","wallet_analysis","PRESERVE_ANALYSIS_EXTRACT_PROVEN_FACTS","","not_counted","","[""analysis_id:TEXT#1"",""from_at:INTEGER!"",""to_at:INTEGER!"",""max_tokens:INTEGER!""]","[""analysis_id->wallet_analysis_jobs.analysis_id:NO ACTION""]","[""U:analysis_id""]","Preserve provenance and dependency closure; no unapproved purge or activation"
"wallet_analysis_jobs","wallet_analysis","PRESERVE_ANALYSIS_EXTRACT_PROVEN_FACTS","","not_counted","","[""analysis_id:TEXT#1"",""chain_family:TEXT!"",""address:TEXT!"",""display_name:TEXT"",""fomo_handle:TEXT"",""status:TEXT!"",""requested_sample_count:INTEGER!"",""valid_sample_count:INTEGER!"",""coverage_rate:REAL!"",""metrics:TEXT"",""last_error:TEXT"",""created_at:INTEGER!"",""updated_at:INTEGER!"",""reviewed_at:INTEGER""]","[]","[""U:P:chain_family,address,requested_sample_count"",""I:status,created_at"",""U:analysis_id""]","Preserve provenance and dependency closure; no unapproved purge or activation"
"wallet_analysis_positions","wallet_analysis","PRESERVE_ANALYSIS_EXTRACT_PROVEN_FACTS","","not_counted","","[""analysis_id:TEXT!#1"",""token_id:TEXT!#2"",""payload:TEXT!"",""entered_at:INTEGER!""]","[""analysis_id->wallet_analysis_jobs.analysis_id:NO ACTION""]","[""U:analysis_id,token_id""]","Preserve provenance and dependency closure; no unapproved purge or activation"
"wallet_analysis_progress","wallet_analysis","PRESERVE_ANALYSIS_EXTRACT_PROVEN_FACTS","","not_counted","","[""analysis_id:TEXT#1"",""phase:TEXT!"",""processed_transactions:INTEGER!"",""discovered_tokens:INTEGER!"",""progress_percent:REAL!"",""heartbeat_at:INTEGER!"",""next_retry_at:INTEGER"",""updated_at:INTEGER!""]","[""analysis_id->wallet_analysis_jobs.analysis_id:NO ACTION""]","[""I:phase,heartbeat_at"",""U:analysis_id""]","Preserve provenance and dependency closure; no unapproved purge or activation"
"wallet_analysis_provenance","wallet_analysis","PRESERVE_ANALYSIS_EXTRACT_PROVEN_FACTS","","not_counted","","[""analysis_id:TEXT!#1"",""source:TEXT!#2"",""observed_at:INTEGER!""]","[""analysis_id->wallet_analysis_jobs.analysis_id:NO ACTION""]","[""U:analysis_id,source""]","Preserve provenance and dependency closure; no unapproved purge or activation"
"wallet_analysis_provider_blocks","wallet_analysis","PRESERVE_ANALYSIS_EXTRACT_PROVEN_FACTS","","not_counted","","[""analysis_id:TEXT!#1"",""chain:TEXT!#2"",""block_number:INTEGER!#3"",""block_hash:TEXT!"",""observed_at:INTEGER!""]","[]","[""U:analysis_id,chain,block_number""]","Preserve provenance and dependency closure; no unapproved purge or activation"
"wallet_analysis_provider_events","wallet_analysis","PRESERVE_ANALYSIS_EXTRACT_PROVEN_FACTS","","not_counted","","[""analysis_id:TEXT!#1"",""event_id:TEXT!#2"",""chain:TEXT!"",""token_address:TEXT!"",""side:TEXT!"",""token_amount:REAL!"",""occurred_at:INTEGER!"",""source:TEXT!"",""source_block_number:INTEGER"",""source_block_hash:TEXT"",""orphaned_at:INTEGER""]","[]","[""U:analysis_id,event_id""]","Preserve provenance and dependency closure; no unapproved purge or activation"
"wallet_bundle_pair_tokens","legacy_results","LEGACY_READ_ONLY_NOT_NEW_ELIGIBILITY","","not_counted","","[""pair_key:TEXT!#1"",""token_id:TEXT!#2"",""chain:TEXT!"",""left_entity_id:TEXT!"",""right_entity_id:TEXT!"",""min_delta_ms:INTEGER!"",""first_observed_at:INTEGER!"",""last_observed_at:INTEGER!""]","[]","[""I:left_entity_id,right_entity_id,last_observed_at"",""U:pair_key,token_id""]","Legacy policy namespace; no automatic new capability or admission"
"wallet_chain_coverage","runtime","PRESERVE_HISTORY_REINITIALIZE_RUNTIME","","not_counted","","[""identity_id:TEXT!#1"",""chain:TEXT!#2"",""provider:TEXT!#3"",""status:TEXT!"",""cursor:TEXT"",""coverage_start_at:INTEGER"",""coverage_end_at:INTEGER"",""last_success_at:INTEGER"",""diagnostic_json:TEXT"",""updated_at:INTEGER!""]","[]","[""I:status,last_success_at,updated_at"",""I:chain,status,updated_at"",""U:identity_id,chain,provider""]","Old health/checkpoint is context, not fresh success; fenced handoff required"
"wallet_execution_revision_conflicts","fact_and_conflict_ledger","PRESERVE_PROOF_REVALIDATE_STATE","","not_counted","","[""conflict_id:TEXT#1"",""source:TEXT!"",""event_id:TEXT!"",""reason_code:TEXT!"",""payload:TEXT!"",""recorded_at:INTEGER!""]","[]","[""U:conflict_id""]","Preserve provenance and dependency closure; no unapproved purge or activation"
"wallet_identities","identity","IMPORT_APPROVED_IDENTITY","","not_counted","","[""account_id:TEXT!#1"",""chain_family:TEXT!#2"",""address:TEXT!#3"",""confidence:TEXT!"",""source:TEXT!"",""first_observed_at:INTEGER!"",""last_observed_at:INTEGER!""]","[""account_id->fomo_accounts.account_id:NO ACTION""]","[""I:chain_family,address"",""U:account_id,chain_family,address""]","Approved cohort; preserve disabled/conflict states; no implicit radar grant"
"wallet_identity_conflicts","identity_audit","PRESERVE_AUDIT_AND_CONFLICTS","","not_counted","","[""conflict_id:TEXT#1"",""analysis_id:TEXT!"",""chain_family:TEXT!"",""address:TEXT!"",""requested_entity_id:TEXT!"",""conflicting_entity_id:TEXT!"",""status:TEXT!"",""payload:TEXT!"",""created_at:INTEGER!"",""resolved_at:INTEGER""]","[""analysis_id->wallet_analysis_jobs.analysis_id:NO ACTION""]","[""U:conflict_id""]","Preserve provenance and dependency closure; no unapproved purge or activation"
"wallet_identity_materialization_conflicts","identity_audit","PRESERVE_AUDIT_AND_CONFLICTS","","not_counted","","[""conflict_id:TEXT#1"",""chain_family:TEXT!"",""address:TEXT!"",""canonical_entity_id:TEXT!"",""conflicting_entity_id:TEXT!"",""account_id:TEXT!"",""created_at:INTEGER!""]","[]","[""U:conflict_id""]","Preserve provenance and dependency closure; no unapproved purge or activation"
"wallet_mapping_observations","identity","IMPORT_APPROVED_IDENTITY","","not_counted","","[""observation_id:TEXT#1"",""import_id:TEXT!"",""batch_id:TEXT"",""handle:TEXT!"",""account_id:TEXT!"",""chain_family:TEXT!"",""address:TEXT!"",""provider:TEXT!"",""observed_at:INTEGER!"",""imported_at:INTEGER!""]","[""account_id->fomo_accounts.account_id:NO ACTION"",""batch_id->identity_resolution_batches.batch_id:NO ACTION""]","[""I:chain_family,address"",""U:import_id,chain_family,address"",""U:observation_id""]","Approved cohort; preserve disabled/conflict states; no implicit radar grant"
"wallet_monitor_checkpoints","runtime","PRESERVE_HISTORY_REINITIALIZE_RUNTIME","","not_counted","","[""source:TEXT!#1"",""partition_key:TEXT!#2"",""checkpoint:TEXT!"",""updated_at:INTEGER!""]","[]","[""U:source,partition_key""]","Old health/checkpoint is context, not fresh success; fenced handoff required"
"wallet_monitor_diagnostics","runtime","PRESERVE_HISTORY_REINITIALIZE_RUNTIME","","not_counted","","[""source:TEXT!#1"",""partition_key:TEXT!#2"",""reason:TEXT!#3"",""source_reference:TEXT!#4"",""recorded_at:INTEGER!""]","[]","[""U:source,partition_key,reason,source_reference""]","Old health/checkpoint is context, not fresh success; fenced handoff required"
"wallet_monitor_execution_bases","source_facts","IMPORT_PROTECTED_SOURCE_SLICE","","not_counted","","[""source:TEXT!#1"",""event_id:TEXT!#2"",""basis_json:TEXT!"",""updated_at:INTEGER!""]","[""source->wallet_monitor_observations.source:NO ACTION"",""event_id->wallet_monitor_observations.event_id:NO ACTION""]","[""U:source,event_id""]","Preserve provenance and dependency closure; no unapproved purge or activation"
"wallet_monitor_observations","source_facts","IMPORT_PROTECTED_SOURCE_SLICE","","not_counted","","[""source:TEXT!#1"",""event_id:TEXT!#2"",""chain_family:TEXT!"",""chain:TEXT!"",""wallet_address:TEXT!"",""token_address:TEXT!"",""account_id:TEXT!"",""entity_id:TEXT!"",""side:TEXT!"",""amount_usd:REAL"",""price_usd:REAL"",""market_cap_usd:REAL"",""occurred_at:INTEGER!"",""collected_at:INTEGER!"",""source_reference:TEXT!"",""source_block_number:INTEGER"",""source_block_hash:TEXT"",""orphaned_at:INTEGER"",""projected_at:INTEGER""]","[]","[""U:source,event_id""]","Preserve provenance and dependency closure; no unapproved purge or activation"
"wallet_monitor_partition_status","runtime","PRESERVE_HISTORY_REINITIALIZE_RUNTIME","","not_counted","","[""source:TEXT!#1"",""partition_key:TEXT!#2"",""status:TEXT!"",""last_error:TEXT"",""updated_at:INTEGER!""]","[]","[""U:source,partition_key""]","Old health/checkpoint is context, not fresh success; fenced handoff required"
"wallet_monitor_provider_status","runtime","PRESERVE_HISTORY_REINITIALIZE_RUNTIME","","not_counted","","[""source:TEXT#1"",""status:TEXT!"",""last_error:TEXT"",""updated_at:INTEGER!""]","[]","[""U:source""]","Old health/checkpoint is context, not fresh success; fenced handoff required"
"workbench_schema_versions","runtime","PRESERVE_HISTORY_REINITIALIZE_RUNTIME","","not_counted","","[""version:INTEGER#1"",""applied_at:INTEGER!""]","[]","[]","Old health/checkpoint is context, not fresh success; fenced handoff required"
